<?xml version="1.0" encoding="UTF-8" ?>
<!DOCTYPE tiles-definitions PUBLIC  "-//Apache Software Foundation//DTD Tiles Configuration 3.0//EN"  "http://tiles.apache.org/dtds/tiles-config_3_0.dtd">
<tiles-definitions>


    <definition name="base.cap" template="/WEB-INF/jsp/moduls/cap.jsp" preparer="es.caib.enviafib.back.preparer.CapPreparer"/>
    <definition name="base.menu_i_contingut" template="/WEB-INF/jsp/moduls/menu_i_contingut.jsp"/>
    <definition name="base.menu" template="/WEB-INF/jsp/moduls/blanc.jsp" />
    <definition name="base.contingut" template="/WEB-INF/jsp/moduls/blanc.jsp"/>
    <definition name="base.peu" template="/WEB-INF/jsp/moduls/peu.jsp" preparer="es.caib.enviafib.back.preparer.PeuPreparer"/>
    <definition name="base.contingut" template="/WEB-INF/jsp/moduls/blanc.jsp"/>

    <definition name="base.definition" template="/WEB-INF/jsp/layout/layout.jsp" preparer="es.caib.enviafib.back.preparer.BasePreparer">
        <put-attribute name="cap" value="base.cap" />
        <put-attribute name="menu_i_contingut" value="base.menu_i_contingut" />
        <put-attribute name="menu" value="base.menu" />
        <put-attribute name="contingut" value="base.contingut" />
        <put-attribute name="peu" value="base.peu" />
    </definition>
    
    
    <definition name="fullview" template="/WEB-INF/jsp/layout/onlycontentlayout.jsp" preparer="es.caib.enviafib.back.preparer.BasePreparer">
        <put-attribute name="contingut" value="base.contingut" />
    </definition>


    <definition name="principal.body" template="/WEB-INF/web/tiles/principal/principal.jsp"/>
 

    <definition name="sense_enllaz" extends="base.definition">
        <put-attribute name="enlaces" value="" />
    </definition>

    <definition name="exceptionTile" extends="base.definition">
        <put-attribute name="contingut" value="/error.jsp" />
    </definition>

    <!--  ==================PUBLIC =============== -->

    <definition name="all" extends="base.definition">
        <put-attribute name="menu" value="/WEB-INF/jsp/moduls/menu_inici.jsp"  />
        <put-attribute name="contingut" value="/WEB-INF/jsp/all/homepublic.jsp" />
    </definition>

    <!--  ===========  COMMON  ================== -->

    <definition name="common" extends="base.definition">
        <put-attribute name="menu" value="/WEB-INF/jsp/moduls/menu_inici.jsp" />
        <put-attribute name="contingut" value="/WEB-INF/jsp/principal.jsp" />
    </definition>

    <definition name="principal" extends="common">
        <put-attribute name="contingut" value="/WEB-INF/jsp/principal.jsp" />
    </definition>

    <definition name="userFormCommon" template="/WEB-INF/jsp/layout/onlycontentlayout.jsp">
        <put-attribute name="titol" value="EdicioUsuari" />
        <put-attribute name="contingut" value="/WEB-INF/jsp/webdb/usuariForm.jsp" />
    </definition>
    
    <definition name="userFormEditCommon" extends="common">
        <put-attribute name="titol" value="EdicioUsuari" />
        <put-attribute name="contingut" value="/WEB-INF/jsp/webdb/usuariForm.jsp" />
    </definition>

    <definition name="home" extends="common">
        <put-attribute name="contingut" value="/WEB-INF/jsp/common/home.jsp" />
    </definition>

    <!--  ===========  AJUDA  ================== -->
   
    <definition name="menu.ajuda" template="/WEB-INF/jsp/ajuda/faqsindex.jsp" preparer="es.caib.enviafib.back.preparer.MenuPreparer">
       <put-attribute name="pipella" value="ajuda" />
    </definition>
    
    <definition name="ajuda" extends="base.definition">
        <put-attribute name="menu" value="menu.ajuda" />
        <put-attribute name="pipella" value="ajuda" />
    </definition>

    <definition name="faqCommonForm" extends="ajuda">
        <put-attribute name="contingut" value="/WEB-INF/jsp/webdb/faqForm.jsp" />
    </definition>
    
    <definition name="faqCommonList" extends="ajuda">
        <put-attribute name="contingut" value="/WEB-INF/jsp/ajuda/faqsiframe.jsp" />
        <put-attribute name="titol" value="EdicioUsuari" />
    </definition>

    <!--  ===========  USER  ================== -->
    
    <definition name="menu.user" template="/WEB-INF/jsp/moduls/menu_user.jsp" preparer="es.caib.enviafib.back.preparer.MenuPreparer">
       <put-attribute name="pipella" value="user" />
    </definition>
    
    <definition name="user" extends="base.definition">
        <put-attribute name="menu" value="menu.user" />
        <put-attribute name="pipella" value="user" />
    </definition>
    
    <definition name="userFormEditUser" extends="user">
        <put-attribute name="titol" value="EdicioUsuari" />
        <put-attribute name="contingut" value="/WEB-INF/jsp/webdb/usuariForm.jsp" />
    </definition>
    
    <definition name="plantillesfluxfirmesFormUser" extends="user">
        <put-attribute name="titol" value="usuari.usuari" />
        <put-attribute name="contingut" value="/WEB-INF/jsp/webdb/usuariForm.jsp" />
    </definition>
    
    <definition name="plantillesfluxfirmesListUser" extends="user">
        <put-attribute name="contingut" value="/WEB-INF/jsp/webdb/usuariList.jsp" />
    </definition>

    <definition name="peticioFormUser" extends="user">
        <put-attribute name="titol" value="peticio.peticio" />
        <put-attribute name="contingut" value="/WEB-INF/jsp/webdb/peticioForm.jsp" />
    </definition>
    
    <definition name="errorIniciPeticioUser" extends="user">
        <put-attribute name="contingut" value="/WEB-INF/jsp/user/errorinicifirma.jsp" />
    </definition>
    
    <definition name="homeuser" extends="user">
        <put-attribute name="contingut" value="/WEB-INF/jsp/common/home.jsp" />
    </definition>
    
    <definition name="peticioListUser" extends="user">
        <put-attribute name="contingut" value="/WEB-INF/jsp/webdb/peticioList.jsp" />
    </definition>
    
    <definition name="firmasimpleweb_iframe" extends="user">
        <put-attribute name="contingut" value="/WEB-INF/jsp/user/firmasimpleweb_iframe.jsp" />
    </definition>
  
    <definition name="detallsinfosignatura" extends="user">
        <put-attribute name="titol" value="infosignatura.infosignatura" />
        <put-attribute name="contingut" value="/WEB-INF/jsp/user/detallsinfosignatura.jsp" />
    </definition>

    <definition name="flowview" extends="user">
        <put-attribute name="contingut" value="/WEB-INF/jsp/user/urlflow_iframe.jsp" />
    </definition>
    
    <definition name="finaliframe" extends="fullview">
        <put-attribute name="contingut" value="/WEB-INF/jsp/user/final_iframe.jsp" />
    </definition>

    <definition name="finaliframeespera" extends="user">
        <put-attribute name="contingut" value="/WEB-INF/jsp/user/final_iframe_espera.jsp" />
    </definition>





    <definition name="infoSignaturaFormUser" extends="user">
        <put-attribute name="titol" value="infoSignatura.infoSignatura" />
        <put-attribute name="contingut" value="/WEB-INF/jsp/webdb/infoSignaturaForm.jsp" />
    </definition>
    
    <definition name="infoArxiuFormUser" extends="user">
        <put-attribute name="titol" value="infoArxiu.infoArxiu" />
        <put-attribute name="contingut" value="/WEB-INF/jsp/webdb/infoArxiuForm.jsp" />
    </definition>

    <definition name="infoAnexFormUser" extends="user">
        <put-attribute name="titol" value="infoAnex.infoAnex" />
        <put-attribute name="contingut" value="/WEB-INF/jsp/webdb/infoAnexForm.jsp" />
    </definition>
    
    <definition name="infoAnexListUser" extends="user">
        <put-attribute name="contingut" value="/WEB-INF/jsp/webdb/infoAnexList.jsp" />
    </definition>


    <!--  ===========  ADMIN  ================== -->
        
    <definition name="admin" extends="base.definition">
        <put-attribute name="menu" value="/WEB-INF/jsp/moduls/menu_admin.jsp" />
        <put-attribute name="pipella" value="admin" />
    </definition>

    <definition name="usuariFormAdmin" extends="admin">
        <put-attribute name="contingut" value="/WEB-INF/jsp/webdb/usuariForm.jsp" />
    </definition>
    
    <definition name="usuariListAdmin" extends="admin">
        <put-attribute name="contingut" value="/WEB-INF/jsp/webdb/usuariList.jsp" />
    </definition>
    
    
    <definition name="peticioListAdmin" extends="admin">
        <put-attribute name="contingut" value="/WEB-INF/jsp/webdb/peticioList.jsp" />
    </definition>
    
    <definition name="peticioFormAdmin" extends="admin">
        <put-attribute name="titol" value="peticio.peticio" />
        <put-attribute name="contingut" value="/WEB-INF/jsp/webdb/peticioForm.jsp" />
    </definition>
    
    
    
    <definition name="serieDocumentalFormAdmin" extends="admin">
        <put-attribute name="titol" value="serieDocumental.serieDocumental" />
        <put-attribute name="contingut" value="/WEB-INF/jsp/webdb/serieDocumentalForm.jsp" />
    </definition>
    
    <definition name="serieDocumentalListAdmin" extends="admin">
        <put-attribute name="contingut" value="/WEB-INF/jsp/webdb/serieDocumentalList.jsp" />
    </definition>
    

    <definition name="grupFormAdmin" extends="admin">
        <put-attribute name="titol" value="grup.grup" />
        <put-attribute name="contingut" value="/WEB-INF/jsp/webdb/grupForm.jsp" />
    </definition>
    
    <definition name="grupListAdmin" extends="admin">
        <put-attribute name="contingut" value="/WEB-INF/jsp/webdb/grupList.jsp" />
    </definition>
    
    <definition name="grupUsuariFormAdmin" extends="admin">
        <put-attribute name="titol" value="grupUsuari.grupUsuari" />
        <put-attribute name="contingut" value="/WEB-INF/jsp/webdb/grupUsuariForm.jsp" />
    </definition>
    
    <definition name="estructuraOrganitzativaPluginFormAdmin" extends="admin">
        <put-attribute name="titol" value="EstructuraOrganitzativa.EstructuraOrganitzativa" />
        <put-attribute name="contingut" value="/WEB-INF/jsp/webdb/pluginForm.jsp" />
    </definition>
    
    <definition name="estructuraOrganitzativaPluginListAdmin" extends="admin">
        <put-attribute name="contingut" value="/WEB-INF/jsp/webdb/pluginList.jsp" />
    </definition>

    <definition name="estructuraOrganitzativaPluginProvesAdmin" extends="admin">
        <put-attribute name="contingut" value="/WEB-INF/jsp/admin/estructuraorganitzativaproves.jsp" />
    </definition>
    
    <definition name="arxiupluginFormAdmin" extends="admin">
        <put-attribute name="titol" value="Arxiu.Arxiu" />
        <put-attribute name="contingut" value="/WEB-INF/jsp/webdb/pluginForm.jsp" />
    </definition>
    
    <definition name="arxiupluginListAdmin" extends="admin">
        <put-attribute name="contingut" value="/WEB-INF/jsp/webdb/pluginList.jsp" />
    </definition>
    
       
    <definition name="plantillesfluxfirmesListAdmin" extends="admin">
        <put-attribute name="contingut" value="/WEB-INF/jsp/webdb/usuariList.jsp" />
    </definition>
    
    
    <definition name="menuFormAdmin" extends="admin">
        <put-attribute name="titol" value="menu.menu" />
        <put-attribute name="contingut" value="/WEB-INF/jsp/webdb/menuForm.jsp" />
    </definition>
    
    <definition name="menuListAdmin" extends="admin">
        <put-attribute name="contingut" value="/WEB-INF/jsp/webdb/menuList.jsp" />
    </definition>
    
    <definition name="noumenu" extends="admin">
        <put-attribute name="contingut" value="/WEB-INF/jsp/admin/noumenu.jsp" />
    </definition>

   <definition name="organitzacioFormAdmin" extends="admin">
        <put-attribute name="titol" value="organitzacio.organitzacio" />
        <put-attribute name="contingut" value="/WEB-INF/jsp/webdb/organitzacioForm.jsp" />
    </definition>
    
    <definition name="organitzacioListAdmin" extends="admin">
        <put-attribute name="contingut" value="/WEB-INF/jsp/webdb/organitzacioList.jsp" />
    </definition>

   <definition name="faqFormAdmin" extends="admin">
        <put-attribute name="titol" value="faq.faq" />
        <put-attribute name="contingut" value="/WEB-INF/jsp/webdb/faqForm.jsp" />
    </definition>
    
    <definition name="faqListAdmin" extends="admin">
        <put-attribute name="contingut" value="/WEB-INF/jsp/webdb/faqList.jsp" />
    </definition>


    <definition name="infoSignaturaFormAdmin" extends="admin">
        <put-attribute name="titol" value="infoSignatura.infoSignatura" />
        <put-attribute name="contingut" value="/WEB-INF/jsp/webdb/infoSignaturaForm.jsp" />
    </definition>
    
    <definition name="infoArxiuFormAdmin" extends="admin">
        <put-attribute name="titol" value="infoArxiu.infoArxiu" />
        <put-attribute name="contingut" value="/WEB-INF/jsp/webdb/infoArxiuForm.jsp" />
    </definition>

    <definition name="infoAnexFormAdmin" extends="admin">
        <put-attribute name="titol" value="infoAnex.infoAnex" />
        <put-attribute name="contingut" value="/WEB-INF/jsp/webdb/infoAnexForm.jsp" />
    </definition>
    
    <definition name="infoAnexListAdmin" extends="admin">
        <put-attribute name="contingut" value="/WEB-INF/jsp/webdb/infoAnexList.jsp" />
    </definition>



    
    
    <!--  ===========  DESENVOLUPAMENT ================== -->
    
    <definition name="desenvolupament" extends="base.definition">
        <put-attribute name="pipella" value="desenvolupament" />
        <put-attribute name="menu" value="/WEB-INF/jsp/moduls/menu_desenvolupament.jsp" />
        <put-attribute name="contingut" value="/WEB-INF/jsp/desenvolupament.jsp" />
    </definition>

 <!-- ============ EXEMPLES ====================  -->
 
 <!--
    <definition name="exemple_plantilla" extends="sense_enlaces">
        <put-attribute name="titulo" value="Portafirmes" />
        <put-attribute name="contingut" value="/WEB-INF/jsp/exemples/example_plantilla.jsp" />
    </definition>
    

    <definition name="exemple_pagina completa" template="/WEB-INF/jsp/layout/onlycontentlayout.jsp">
        <put-attribute name="contingut" value="/WEB-INF/jsp/exemples/exemple_pagina completa.jsp" />
    </definition>

    <definition name="rss" template="/WEB-INF/jsp/rss/agro.rss.jsp" />
 
 -->

    <!--  ===========  WEBDB ================== -->

    <definition name="webdb" extends="base.definition">
        <put-attribute name="pipella" value="webdb" />
        <put-attribute name="menu" value="/WEB-INF/jsp/webdb/menu_webdb.jsp" />
    </definition>

<!-- ==== GENAPP MARK START -->


    <definition name="faqFormWebDB" extends="webdb">
        <put-attribute name="titol" value="faq.faq" />
        <put-attribute name="contingut" value="/WEB-INF/jsp/webdb/faqForm.jsp" />
    </definition>
    
    <definition name="faqListWebDB" extends="webdb">
        <put-attribute name="contingut" value="/WEB-INF/jsp/webdb/faqList.jsp" />
    </definition>


    <definition name="fitxerFormWebDB" extends="webdb">
        <put-attribute name="titol" value="fitxer.fitxer" />
        <put-attribute name="contingut" value="/WEB-INF/jsp/webdb/fitxerForm.jsp" />
    </definition>
    
    <definition name="fitxerListWebDB" extends="webdb">
        <put-attribute name="contingut" value="/WEB-INF/jsp/webdb/fitxerList.jsp" />
    </definition>


    <definition name="grupFormWebDB" extends="webdb">
        <put-attribute name="titol" value="grup.grup" />
        <put-attribute name="contingut" value="/WEB-INF/jsp/webdb/grupForm.jsp" />
    </definition>
    
    <definition name="grupListWebDB" extends="webdb">
        <put-attribute name="contingut" value="/WEB-INF/jsp/webdb/grupList.jsp" />
    </definition>


    <definition name="grupUsuariFormWebDB" extends="webdb">
        <put-attribute name="titol" value="grupUsuari.grupUsuari" />
        <put-attribute name="contingut" value="/WEB-INF/jsp/webdb/grupUsuariForm.jsp" />
    </definition>
    
    <definition name="grupUsuariListWebDB" extends="webdb">
        <put-attribute name="contingut" value="/WEB-INF/jsp/webdb/grupUsuariList.jsp" />
    </definition>


    <definition name="idiomaFormWebDB" extends="webdb">
        <put-attribute name="titol" value="idioma.idioma" />
        <put-attribute name="contingut" value="/WEB-INF/jsp/webdb/idiomaForm.jsp" />
    </definition>
    
    <definition name="idiomaListWebDB" extends="webdb">
        <put-attribute name="contingut" value="/WEB-INF/jsp/webdb/idiomaList.jsp" />
    </definition>


    <definition name="infoAnexFormWebDB" extends="webdb">
        <put-attribute name="titol" value="infoAnex.infoAnex" />
        <put-attribute name="contingut" value="/WEB-INF/jsp/webdb/infoAnexForm.jsp" />
    </definition>
    
    <definition name="infoAnexListWebDB" extends="webdb">
        <put-attribute name="contingut" value="/WEB-INF/jsp/webdb/infoAnexList.jsp" />
    </definition>


    <definition name="infoArxiuFormWebDB" extends="webdb">
        <put-attribute name="titol" value="infoArxiu.infoArxiu" />
        <put-attribute name="contingut" value="/WEB-INF/jsp/webdb/infoArxiuForm.jsp" />
    </definition>
    
    <definition name="infoArxiuListWebDB" extends="webdb">
        <put-attribute name="contingut" value="/WEB-INF/jsp/webdb/infoArxiuList.jsp" />
    </definition>


    <definition name="infoSignaturaFormWebDB" extends="webdb">
        <put-attribute name="titol" value="infoSignatura.infoSignatura" />
        <put-attribute name="contingut" value="/WEB-INF/jsp/webdb/infoSignaturaForm.jsp" />
    </definition>
    
    <definition name="infoSignaturaListWebDB" extends="webdb">
        <put-attribute name="contingut" value="/WEB-INF/jsp/webdb/infoSignaturaList.jsp" />
    </definition>


    <definition name="menuFormWebDB" extends="webdb">
        <put-attribute name="titol" value="menu.menu" />
        <put-attribute name="contingut" value="/WEB-INF/jsp/webdb/menuForm.jsp" />
    </definition>
    
    <definition name="menuListWebDB" extends="webdb">
        <put-attribute name="contingut" value="/WEB-INF/jsp/webdb/menuList.jsp" />
    </definition>


    <definition name="organitzacioFormWebDB" extends="webdb">
        <put-attribute name="titol" value="organitzacio.organitzacio" />
        <put-attribute name="contingut" value="/WEB-INF/jsp/webdb/organitzacioForm.jsp" />
    </definition>
    
    <definition name="organitzacioListWebDB" extends="webdb">
        <put-attribute name="contingut" value="/WEB-INF/jsp/webdb/organitzacioList.jsp" />
    </definition>


    <definition name="peticioFormWebDB" extends="webdb">
        <put-attribute name="titol" value="peticio.peticio" />
        <put-attribute name="contingut" value="/WEB-INF/jsp/webdb/peticioForm.jsp" />
    </definition>
    
    <definition name="peticioListWebDB" extends="webdb">
        <put-attribute name="contingut" value="/WEB-INF/jsp/webdb/peticioList.jsp" />
    </definition>


    <definition name="pluginFormWebDB" extends="webdb">
        <put-attribute name="titol" value="plugin.plugin" />
        <put-attribute name="contingut" value="/WEB-INF/jsp/webdb/pluginForm.jsp" />
    </definition>
    
    <definition name="pluginListWebDB" extends="webdb">
        <put-attribute name="contingut" value="/WEB-INF/jsp/webdb/pluginList.jsp" />
    </definition>


    <definition name="serieDocumentalFormWebDB" extends="webdb">
        <put-attribute name="titol" value="serieDocumental.serieDocumental" />
        <put-attribute name="contingut" value="/WEB-INF/jsp/webdb/serieDocumentalForm.jsp" />
    </definition>
    
    <definition name="serieDocumentalListWebDB" extends="webdb">
        <put-attribute name="contingut" value="/WEB-INF/jsp/webdb/serieDocumentalList.jsp" />
    </definition>


    <definition name="traduccioFormWebDB" extends="webdb">
        <put-attribute name="titol" value="traduccio.traduccio" />
        <put-attribute name="contingut" value="/WEB-INF/jsp/webdb/traduccioForm.jsp" />
    </definition>
    
    <definition name="traduccioListWebDB" extends="webdb">
        <put-attribute name="contingut" value="/WEB-INF/jsp/webdb/traduccioList.jsp" />
    </definition>


    <definition name="usuariFormWebDB" extends="webdb">
        <put-attribute name="titol" value="usuari.usuari" />
        <put-attribute name="contingut" value="/WEB-INF/jsp/webdb/usuariForm.jsp" />
    </definition>
    
    <definition name="usuariListWebDB" extends="webdb">
        <put-attribute name="contingut" value="/WEB-INF/jsp/webdb/usuariList.jsp" />
    </definition>

<!-- ==== GENAPP MARK END -->

</tiles-definitions>




